{
    "[RIVER, TIME] One Step LK": 0.12210512161254883,
    "[RIVER, MSE] Original video": 46.612110408901856,
    "[RIVER, MSE] One Step LK": 300.65720317837076,
    "[RIVER, TIME] Full LK": 26.726689100265503,
    "[RIVER, MSE] Full LK": 45.49195705294095
}