{
    "10": [
        265.2010494106064,
        88.0062360990257,
        31.999999999999993,
        86.0
    ],
    "20": [
        257.93020902695474,
        79.55331815700205,
        32.00000000000001,
        86.00000000000003
    ],
    "30": [
        272.2387563400238,
        86.19775458269436,
        32.00000000000001,
        86.00000000000001
    ],
    "40": [
        279.8258523412993,
        92.01845912737814,
        32.0,
        86.00000000000003
    ],
    "50": [
        298.6213139207318,
        91.23144386112779,
        32.00000000000001,
        86.0
    ],
    "60": [
        308.4930270179759,
        104.1024061489039,
        32.0,
        85.99999999999999
    ],
    "70": [
        311.95027297332496,
        101.66730690863068,
        32.0,
        86.0
    ],
    "80": [
        326.62677399957124,
        97.00176009264536,
        32.0,
        85.99999999999999
    ],
    "90": [
        333.5640052650283,
        100.88999917013324,
        32.00000000000001,
        86.00000000000003
    ],
    "100": [
        314.551347040487,
        86.97376146124142,
        32.0,
        86.0
    ],
    "110": [
        273.5221101204215,
        62.80587625230904,
        31.999999999999996,
        86.00000000000001
    ]
}